item,category,jan,feb,mar,apr,may,jun,jul,aug,sep,oct,nov,dec,peak_months,stored_notes,regions_notes,specialist_sources
aubergine,vegetable,I,I,I,.,.,.,.,.,.,.,I,I,,,"Harvest months for Zhanjiang and Maoming, Guangdong.",中国食品安全网
Bamboo shoot,vegetable,.,.,.,.,I,I,I,I,I,I,I,.,,,"Harvest months for Xiniu, Yingde, Qingyuan, Guangdong.",英德市人民政府
Banana,fruit,.,.,.,.,.,I,I,I,I,.,.,.,,,Harvest months for western Guangdong.,新华财经
Bitter melon,vegetable,.,.,.,I,I,I,I,I,I,I,.,.,,,"Harvest months for Nanhai, Foshan, Guangdong.",羊城晚报
blueberry,fruit,I,I,I,I,I,.,.,.,.,.,.,.,,,"Harvest months for greenhouse growers in Baiyun, Guangzhou.",广州日报大洋网
Carambola,fruit,I,I,I,I,.,.,.,.,.,I,I,I,,,"Harvest months for Huadu, Guangzhou, Guangdong.",广州市花都区人民政府
chillies,vegetable,I,I,I,.,.,.,.,.,.,.,I,I,,,"Harvest months for Zhanjiang and Maoming, Guangdong.",中国食品安全网
Chinese olive,fruit,I,I,.,.,.,.,.,I,I,I,I,I,,,"Harvest months for Chao'an, Chaozhou, Guangdong.",南方农村报 (南方+)
Choy sum,vegetable,I,I,I,I,I,.,.,.,I,I,I,I,,,Harvest months for Guangdong.,广东省农业科学院
Cowpea,vegetable,I,I,I,.,.,.,.,.,.,.,I,I,,,"Harvest months for Zhanjiang and Maoming, Guangdong.",中国食品安全网
cucumber,vegetable,I,I,I,.,.,.,.,.,.,.,I,I,,,"Harvest months for Zhanjiang and Maoming, Guangdong.",中国食品安全网
Dragon fruit,fruit,.,.,.,.,I,I,I,I,I,I,I,.,,,"Harvest months for Hongshiyue, Yangjiang, Guangdong.",阳江日报
Green plum,fruit,.,.,I,I,.,.,.,.,.,.,.,.,,,"Harvest months for Puning, Guangdong.",普宁市人民政府
Guava,fruit,I,I,I,I,.,.,.,.,.,I,I,I,,,"Harvest months for Guangzhou, Guangdong.",广州市人民政府
Jinyou pomelo,fruit,.,.,.,.,.,.,.,.,.,.,I,.,,,"Harvest months for Meizhou, Guangdong.",南方+
Kiwifruit,fruit,.,.,.,.,.,.,.,I,I,I,.,.,,,"Harvest months for Heping, Heyuan, Guangdong.",中国产业经济信息网
Lettuce,vegetable,I,I,I,I,.,.,.,.,I,I,I,I,,,"Harvest months for Guangzhou, Guangdong.",广州日报
Longan,fruit,.,.,.,.,.,.,I,I,.,.,.,.,,,"Harvest months for Guangzhou and Gaozhou, Guangdong.",广州市政府 (广州日报)
Loquat,fruit,.,.,.,I,I,.,.,.,.,.,.,.,,,"Harvest months for Baiyun, Guangzhou, Guangdong.",广州本地宝
Lotus root,vegetable,.,.,.,.,.,.,.,I,I,I,.,.,,,"Harvest months for Zengcheng, Guangzhou, Guangdong.",南方都市报
Lychee,fruit,.,.,.,.,I,I,I,.,.,.,.,.,,,"Harvest months for Lintou, Maoming, Guangdong.",南方日报
Mandarin,fruit,I,.,.,.,.,.,.,.,.,.,I,I,,,"Harvest months for Deqing, Zhaoqing, Guangdong.",天府财经
mango,fruit,.,.,.,.,I,I,I,.,.,.,.,.,,,"Harvest months for Tandou, Leizhou, Guangdong.",中国地理标志产品
Mulberry,fruit,.,.,I,I,I,.,.,.,.,.,.,.,,,"Harvest months for Nanhai, Foshan, Guangdong.",新快网
Passion fruit,fruit,.,.,I,I,I,I,I,I,I,I,I,.,,,"Harvest months for Xuwen, Zhanjiang, Guangdong.",南方日报
pear,fruit,.,.,.,.,.,I,I,I,.,.,.,.,,,"Harvest months for Lianzhou, Qingyuan, Guangdong.",新快报
Pineapple,fruit,I,I,I,I,I,I,.,.,.,.,.,.,,,"Harvest months for Xuwen, Leizhou Peninsula, Guangdong.",羊城晚报
plum,fruit,.,.,.,.,I,I,.,.,.,.,.,.,,,"Harvest months for Qianpai, Xinyi, Maoming, Guangdong.",羊城晚报
Sugarcane,fruit,I,I,.,.,.,.,.,.,.,.,I,I,,,"Harvest months for Zhanjiang and Huazhou, Guangdong.",一亩田
Sweet potato,vegetable,I,.,.,.,.,.,.,.,.,.,.,I,,,"Harvest months for Suixi, Zhanjiang, Guangdong.",超赞特产网
Taro,vegetable,I,I,I,.,.,.,.,.,.,I,I,I,,,"Harvest months for Zhangxi, Guangdong.",南方+
Wampee,fruit,.,.,.,.,.,I,I,I,.,.,.,.,,,Harvest months for Guangdong.,广东省科学技术厅
Water chestnut,vegetable,I,.,.,.,.,.,.,.,.,.,.,I,,,"Harvest months for Beixiang, Lechang, Shaoguan, Guangdong.",中国地理标志产品
watercress,vegetable,I,I,I,I,I,.,.,.,.,.,.,I,,,"Harvest months for Huadu, Guangzhou, Guangdong.",广州市花都区梯面镇人民政府
