grupo,item,month,temporada_level,in_source_matrix
HORTALIZA,ACELGA,1,MAYOR,1
HORTALIZA,ACELGA,2,MAYOR,1
HORTALIZA,ACELGA,3,MAYOR,1
HORTALIZA,ACELGA,4,MAYOR,1
HORTALIZA,ACELGA,5,MAYOR,1
HORTALIZA,ACELGA,6,MENOR,1
HORTALIZA,ACELGA,7,MENOR,1
HORTALIZA,ACELGA,8,MAYOR,1
HORTALIZA,ACELGA,9,MAYOR,1
HORTALIZA,ACELGA,10,MAYOR,1
HORTALIZA,ACELGA,11,MAYOR,1
HORTALIZA,ACELGA,12,MAYOR,1
HORTALIZA,AJO,1,MAYOR,1
HORTALIZA,AJO,2,MAYOR,1
HORTALIZA,AJO,3,MAYOR,1
HORTALIZA,AJO,4,MAYOR,1
HORTALIZA,AJO,5,MAYOR,1
HORTALIZA,AJO,6,MAYOR,1
HORTALIZA,AJO,7,MAYOR,1
HORTALIZA,AJO,8,MAYOR,1
HORTALIZA,AJO,9,MAYOR,1
HORTALIZA,AJO,10,MAYOR,1
HORTALIZA,AJO,11,MAYOR,1
HORTALIZA,AJO,12,MAYOR,1
HORTALIZA,ALCACHOFA,1,MAYOR,1
HORTALIZA,ALCACHOFA,2,MAYOR,1
HORTALIZA,ALCACHOFA,3,MAYOR,1
HORTALIZA,ALCACHOFA,4,MAYOR,1
HORTALIZA,ALCACHOFA,5,MAYOR,1
HORTALIZA,ALCACHOFA,6,MENOR,1
HORTALIZA,ALCACHOFA,7,,1
HORTALIZA,ALCACHOFA,8,,1
HORTALIZA,ALCACHOFA,9,,1
HORTALIZA,ALCACHOFA,10,MENOR,1
HORTALIZA,ALCACHOFA,11,MENOR,1
HORTALIZA,ALCACHOFA,12,MAYOR,1
HORTALIZA,APIO,1,MAYOR,1
HORTALIZA,APIO,2,MAYOR,1
HORTALIZA,APIO,3,MAYOR,1
HORTALIZA,APIO,4,MENOR,1
HORTALIZA,APIO,5,,1
HORTALIZA,APIO,6,,1
HORTALIZA,APIO,7,,1
HORTALIZA,APIO,8,,1
HORTALIZA,APIO,9,,1
HORTALIZA,APIO,10,,1
HORTALIZA,APIO,11,MAYOR,1
HORTALIZA,APIO,12,MAYOR,1
HORTALIZA,BERENJENA,1,MAYOR,1
HORTALIZA,BERENJENA,2,MAYOR,1
HORTALIZA,BERENJENA,3,MAYOR,1
HORTALIZA,BERENJENA,4,MAYOR,1
HORTALIZA,BERENJENA,5,MAYOR,1
HORTALIZA,BERENJENA,6,MAYOR,1
HORTALIZA,BERENJENA,7,MAYOR,1
HORTALIZA,BERENJENA,8,MAYOR,1
HORTALIZA,BERENJENA,9,MAYOR,1
HORTALIZA,BERENJENA,10,MAYOR,1
HORTALIZA,BERENJENA,11,MAYOR,1
HORTALIZA,BERENJENA,12,MAYOR,1
HORTALIZA,BRÓCOLI,1,MAYOR,1
HORTALIZA,BRÓCOLI,2,MAYOR,1
HORTALIZA,BRÓCOLI,3,MAYOR,1
HORTALIZA,BRÓCOLI,4,MAYOR,1
HORTALIZA,BRÓCOLI,5,MAYOR,1
HORTALIZA,BRÓCOLI,6,MAYOR,1
HORTALIZA,BRÓCOLI,7,,1
HORTALIZA,BRÓCOLI,8,,1
HORTALIZA,BRÓCOLI,9,MENOR,1
HORTALIZA,BRÓCOLI,10,MAYOR,1
HORTALIZA,BRÓCOLI,11,MAYOR,1
HORTALIZA,BRÓCOLI,12,MAYOR,1
HORTALIZA,CALABACÍN,1,MAYOR,1
HORTALIZA,CALABACÍN,2,MAYOR,1
HORTALIZA,CALABACÍN,3,MAYOR,1
HORTALIZA,CALABACÍN,4,MAYOR,1
HORTALIZA,CALABACÍN,5,MAYOR,1
HORTALIZA,CALABACÍN,6,MAYOR,1
HORTALIZA,CALABACÍN,7,MAYOR,1
HORTALIZA,CALABACÍN,8,MAYOR,1
HORTALIZA,CALABACÍN,9,MAYOR,1
HORTALIZA,CALABACÍN,10,MAYOR,1
HORTALIZA,CALABACÍN,11,MAYOR,1
HORTALIZA,CALABACÍN,12,MAYOR,1
HORTALIZA,CALABAZA,1,MAYOR,1
HORTALIZA,CALABAZA,2,MAYOR,1
HORTALIZA,CALABAZA,3,MAYOR,1
HORTALIZA,CALABAZA,4,MENOR,1
HORTALIZA,CALABAZA,5,MENOR,1
HORTALIZA,CALABAZA,6,MENOR,1
HORTALIZA,CALABAZA,7,MENOR,1
HORTALIZA,CALABAZA,8,MENOR,1
HORTALIZA,CALABAZA,9,MAYOR,1
HORTALIZA,CALABAZA,10,MAYOR,1
HORTALIZA,CALABAZA,11,MAYOR,1
HORTALIZA,CALABAZA,12,MAYOR,1
HORTALIZA,CARDO,1,MAYOR,1
HORTALIZA,CARDO,2,MENOR,1
HORTALIZA,CARDO,3,,1
HORTALIZA,CARDO,4,,1
HORTALIZA,CARDO,5,,1
HORTALIZA,CARDO,6,,1
HORTALIZA,CARDO,7,,1
HORTALIZA,CARDO,8,,1
HORTALIZA,CARDO,9,,1
HORTALIZA,CARDO,10,MENOR,1
HORTALIZA,CARDO,11,MENOR,1
HORTALIZA,CARDO,12,MAYOR,1
HORTALIZA,CEBOLLA,1,MAYOR,1
HORTALIZA,CEBOLLA,2,MAYOR,1
HORTALIZA,CEBOLLA,3,MAYOR,1
HORTALIZA,CEBOLLA,4,MAYOR,1
HORTALIZA,CEBOLLA,5,MAYOR,1
HORTALIZA,CEBOLLA,6,MAYOR,1
HORTALIZA,CEBOLLA,7,MAYOR,1
HORTALIZA,CEBOLLA,8,MAYOR,1
HORTALIZA,CEBOLLA,9,MAYOR,1
HORTALIZA,CEBOLLA,10,MAYOR,1
HORTALIZA,CEBOLLA,11,MAYOR,1
HORTALIZA,CEBOLLA,12,MAYOR,1
HORTALIZA,COL LOMBARDA,1,MAYOR,1
HORTALIZA,COL LOMBARDA,2,MAYOR,1
HORTALIZA,COL LOMBARDA,3,MENOR,1
HORTALIZA,COL LOMBARDA,4,,1
HORTALIZA,COL LOMBARDA,5,,1
HORTALIZA,COL LOMBARDA,6,,1
HORTALIZA,COL LOMBARDA,7,,1
HORTALIZA,COL LOMBARDA,8,,1
HORTALIZA,COL LOMBARDA,9,,1
HORTALIZA,COL LOMBARDA,10,MAYOR,1
HORTALIZA,COL LOMBARDA,11,MAYOR,1
HORTALIZA,COL LOMBARDA,12,MAYOR,1
HORTALIZA,COLIFLOR,1,MAYOR,1
HORTALIZA,COLIFLOR,2,MAYOR,1
HORTALIZA,COLIFLOR,3,MAYOR,1
HORTALIZA,COLIFLOR,4,MAYOR,1
HORTALIZA,COLIFLOR,5,MENOR,1
HORTALIZA,COLIFLOR,6,MENOR,1
HORTALIZA,COLIFLOR,7,,1
HORTALIZA,COLIFLOR,8,,1
HORTALIZA,COLIFLOR,9,MAYOR,1
HORTALIZA,COLIFLOR,10,MAYOR,1
HORTALIZA,COLIFLOR,11,MAYOR,1
HORTALIZA,COLIFLOR,12,MAYOR,1
HORTALIZA,ENDIBIA,1,MENOR,1
HORTALIZA,ENDIBIA,2,,1
HORTALIZA,ENDIBIA,3,,1
HORTALIZA,ENDIBIA,4,,1
HORTALIZA,ENDIBIA,5,,1
HORTALIZA,ENDIBIA,6,,1
HORTALIZA,ENDIBIA,7,,1
HORTALIZA,ENDIBIA,8,,1
HORTALIZA,ENDIBIA,9,MAYOR,1
HORTALIZA,ENDIBIA,10,MAYOR,1
HORTALIZA,ENDIBIA,11,MAYOR,1
HORTALIZA,ENDIBIA,12,MENOR,1
HORTALIZA,ESCAROLA,1,MAYOR,1
HORTALIZA,ESCAROLA,2,MAYOR,1
HORTALIZA,ESCAROLA,3,MAYOR,1
HORTALIZA,ESCAROLA,4,MAYOR,1
HORTALIZA,ESCAROLA,5,MENOR,1
HORTALIZA,ESCAROLA,6,MENOR,1
HORTALIZA,ESCAROLA,7,,1
HORTALIZA,ESCAROLA,8,,1
HORTALIZA,ESCAROLA,9,,1
HORTALIZA,ESCAROLA,10,MAYOR,1
HORTALIZA,ESCAROLA,11,MAYOR,1
HORTALIZA,ESCAROLA,12,MAYOR,1
HORTALIZA,ESPÁRRAGO VERDE,1,,1
HORTALIZA,ESPÁRRAGO VERDE,2,,1
HORTALIZA,ESPÁRRAGO VERDE,3,MAYOR,1
HORTALIZA,ESPÁRRAGO VERDE,4,MAYOR,1
HORTALIZA,ESPÁRRAGO VERDE,5,MAYOR,1
HORTALIZA,ESPÁRRAGO VERDE,6,MAYOR,1
HORTALIZA,ESPÁRRAGO VERDE,7,,1
HORTALIZA,ESPÁRRAGO VERDE,8,,1
HORTALIZA,ESPÁRRAGO VERDE,9,MAYOR,1
HORTALIZA,ESPÁRRAGO VERDE,10,,1
HORTALIZA,ESPÁRRAGO VERDE,11,,1
HORTALIZA,ESPÁRRAGO VERDE,12,,1
HORTALIZA,ESPINACA,1,MAYOR,1
HORTALIZA,ESPINACA,2,MAYOR,1
HORTALIZA,ESPINACA,3,MAYOR,1
HORTALIZA,ESPINACA,4,MAYOR,1
HORTALIZA,ESPINACA,5,MAYOR,1
HORTALIZA,ESPINACA,6,MAYOR,1
HORTALIZA,ESPINACA,7,,1
HORTALIZA,ESPINACA,8,,1
HORTALIZA,ESPINACA,9,MENOR,1
HORTALIZA,ESPINACA,10,MAYOR,1
HORTALIZA,ESPINACA,11,MAYOR,1
HORTALIZA,ESPINACA,12,MAYOR,1
HORTALIZA,GUISANTE,1,MENOR,1
HORTALIZA,GUISANTE,2,MENOR,1
HORTALIZA,GUISANTE,3,MENOR,1
HORTALIZA,GUISANTE,4,MENOR,1
HORTALIZA,GUISANTE,5,MAYOR,1
HORTALIZA,GUISANTE,6,MAYOR,1
HORTALIZA,GUISANTE,7,MENOR,1
HORTALIZA,GUISANTE,8,,1
HORTALIZA,GUISANTE,9,,1
HORTALIZA,GUISANTE,10,,1
HORTALIZA,GUISANTE,11,,1
HORTALIZA,GUISANTE,12,,1
HORTALIZA,HABA,1,MAYOR,1
HORTALIZA,HABA,2,MAYOR,1
HORTALIZA,HABA,3,MAYOR,1
HORTALIZA,HABA,4,MAYOR,1
HORTALIZA,HABA,5,MAYOR,1
HORTALIZA,HABA,6,MENOR,1
HORTALIZA,HABA,7,,1
HORTALIZA,HABA,8,,1
HORTALIZA,HABA,9,,1
HORTALIZA,HABA,10,,1
HORTALIZA,HABA,11,MENOR,1
HORTALIZA,HABA,12,,1
HORTALIZA,JUDÍA VERDE,1,,1
HORTALIZA,JUDÍA VERDE,2,,1
HORTALIZA,JUDÍA VERDE,3,,1
HORTALIZA,JUDÍA VERDE,4,,1
HORTALIZA,JUDÍA VERDE,5,,1
HORTALIZA,JUDÍA VERDE,6,,1
HORTALIZA,JUDÍA VERDE,7,MENOR,1
HORTALIZA,JUDÍA VERDE,8,MAYOR,1
HORTALIZA,JUDÍA VERDE,9,MAYOR,1
HORTALIZA,JUDÍA VERDE,10,MAYOR,1
HORTALIZA,JUDÍA VERDE,11,MENOR,1
HORTALIZA,JUDÍA VERDE,12,MENOR,1
HORTALIZA,LECHUGA,1,MAYOR,1
HORTALIZA,LECHUGA,2,MAYOR,1
HORTALIZA,LECHUGA,3,MAYOR,1
HORTALIZA,LECHUGA,4,MAYOR,1
HORTALIZA,LECHUGA,5,MAYOR,1
HORTALIZA,LECHUGA,6,MAYOR,1
HORTALIZA,LECHUGA,7,MAYOR,1
HORTALIZA,LECHUGA,8,MAYOR,1
HORTALIZA,LECHUGA,9,MAYOR,1
HORTALIZA,LECHUGA,10,MAYOR,1
HORTALIZA,LECHUGA,11,MAYOR,1
HORTALIZA,LECHUGA,12,MAYOR,1
HORTALIZA,NABO,1,MENOR,1
HORTALIZA,NABO,2,MENOR,1
HORTALIZA,NABO,3,MENOR,1
HORTALIZA,NABO,4,MENOR,1
HORTALIZA,NABO,5,MENOR,1
HORTALIZA,NABO,6,MENOR,1
HORTALIZA,NABO,7,MENOR,1
HORTALIZA,NABO,8,MENOR,1
HORTALIZA,NABO,9,MENOR,1
HORTALIZA,NABO,10,MAYOR,1
HORTALIZA,NABO,11,MAYOR,1
HORTALIZA,NABO,12,MAYOR,1
HORTALIZA,PEPINO,1,MAYOR,1
HORTALIZA,PEPINO,2,MAYOR,1
HORTALIZA,PEPINO,3,MAYOR,1
HORTALIZA,PEPINO,4,MAYOR,1
HORTALIZA,PEPINO,5,MAYOR,1
HORTALIZA,PEPINO,6,MAYOR,1
HORTALIZA,PEPINO,7,MAYOR,1
HORTALIZA,PEPINO,8,MAYOR,1
HORTALIZA,PEPINO,9,MAYOR,1
HORTALIZA,PEPINO,10,MAYOR,1
HORTALIZA,PEPINO,11,MAYOR,1
HORTALIZA,PEPINO,12,MAYOR,1
HORTALIZA,PIMIENTO,1,MAYOR,1
HORTALIZA,PIMIENTO,2,MAYOR,1
HORTALIZA,PIMIENTO,3,MAYOR,1
HORTALIZA,PIMIENTO,4,MAYOR,1
HORTALIZA,PIMIENTO,5,MAYOR,1
HORTALIZA,PIMIENTO,6,MAYOR,1
HORTALIZA,PIMIENTO,7,MAYOR,1
HORTALIZA,PIMIENTO,8,MAYOR,1
HORTALIZA,PIMIENTO,9,MAYOR,1
HORTALIZA,PIMIENTO,10,MAYOR,1
HORTALIZA,PIMIENTO,11,MAYOR,1
HORTALIZA,PIMIENTO,12,MAYOR,1
HORTALIZA,PUERRO,1,MAYOR,1
HORTALIZA,PUERRO,2,MAYOR,1
HORTALIZA,PUERRO,3,MAYOR,1
HORTALIZA,PUERRO,4,MAYOR,1
HORTALIZA,PUERRO,5,MAYOR,1
HORTALIZA,PUERRO,6,MAYOR,1
HORTALIZA,PUERRO,7,MAYOR,1
HORTALIZA,PUERRO,8,MAYOR,1
HORTALIZA,PUERRO,9,MAYOR,1
HORTALIZA,PUERRO,10,MAYOR,1
HORTALIZA,PUERRO,11,MAYOR,1
HORTALIZA,PUERRO,12,MAYOR,1
HORTALIZA,RÁBANO,1,MAYOR,1
HORTALIZA,RÁBANO,2,MAYOR,1
HORTALIZA,RÁBANO,3,MAYOR,1
HORTALIZA,RÁBANO,4,MAYOR,1
HORTALIZA,RÁBANO,5,MAYOR,1
HORTALIZA,RÁBANO,6,MAYOR,1
HORTALIZA,RÁBANO,7,MAYOR,1
HORTALIZA,RÁBANO,8,MAYOR,1
HORTALIZA,RÁBANO,9,MAYOR,1
HORTALIZA,RÁBANO,10,MAYOR,1
HORTALIZA,RÁBANO,11,MAYOR,1
HORTALIZA,RÁBANO,12,MAYOR,1
HORTALIZA,REMOLACHA,1,,1
HORTALIZA,REMOLACHA,2,,1
HORTALIZA,REMOLACHA,3,,1
HORTALIZA,REMOLACHA,4,,1
HORTALIZA,REMOLACHA,5,,1
HORTALIZA,REMOLACHA,6,,1
HORTALIZA,REMOLACHA,7,MENOR,1
HORTALIZA,REMOLACHA,8,MAYOR,1
HORTALIZA,REMOLACHA,9,MAYOR,1
HORTALIZA,REMOLACHA,10,MAYOR,1
HORTALIZA,REMOLACHA,11,MENOR,1
HORTALIZA,REMOLACHA,12,MENOR,1
HORTALIZA,REPOLLO,1,MAYOR,1
HORTALIZA,REPOLLO,2,MAYOR,1
HORTALIZA,REPOLLO,3,MAYOR,1
HORTALIZA,REPOLLO,4,MENOR,1
HORTALIZA,REPOLLO,5,MENOR,1
HORTALIZA,REPOLLO,6,MENOR,1
HORTALIZA,REPOLLO,7,MENOR,1
HORTALIZA,REPOLLO,8,MENOR,1
HORTALIZA,REPOLLO,9,MAYOR,1
HORTALIZA,REPOLLO,10,MAYOR,1
HORTALIZA,REPOLLO,11,MAYOR,1
HORTALIZA,REPOLLO,12,MAYOR,1
HORTALIZA,TOMATE,1,MAYOR,1
HORTALIZA,TOMATE,2,MAYOR,1
HORTALIZA,TOMATE,3,MAYOR,1
HORTALIZA,TOMATE,4,MAYOR,1
HORTALIZA,TOMATE,5,MAYOR,1
HORTALIZA,TOMATE,6,MAYOR,1
HORTALIZA,TOMATE,7,MAYOR,1
HORTALIZA,TOMATE,8,MAYOR,1
HORTALIZA,TOMATE,9,MAYOR,1
HORTALIZA,TOMATE,10,MAYOR,1
HORTALIZA,TOMATE,11,MAYOR,1
HORTALIZA,TOMATE,12,MAYOR,1
HORTALIZA,ZANAHORIA,1,MAYOR,1
HORTALIZA,ZANAHORIA,2,MAYOR,1
HORTALIZA,ZANAHORIA,3,MAYOR,1
HORTALIZA,ZANAHORIA,4,MAYOR,1
HORTALIZA,ZANAHORIA,5,MAYOR,1
HORTALIZA,ZANAHORIA,6,MAYOR,1
HORTALIZA,ZANAHORIA,7,MAYOR,1
HORTALIZA,ZANAHORIA,8,MAYOR,1
HORTALIZA,ZANAHORIA,9,MAYOR,1
HORTALIZA,ZANAHORIA,10,MAYOR,1
HORTALIZA,ZANAHORIA,11,MAYOR,1
HORTALIZA,ZANAHORIA,12,MAYOR,1
FRUTA,AGUACATE,1,MAYOR,1
FRUTA,AGUACATE,2,MAYOR,1
FRUTA,AGUACATE,3,MAYOR,1
FRUTA,AGUACATE,4,MAYOR,1
FRUTA,AGUACATE,5,MENOR,1
FRUTA,AGUACATE,6,,1
FRUTA,AGUACATE,7,,1
FRUTA,AGUACATE,8,,1
FRUTA,AGUACATE,9,,1
FRUTA,AGUACATE,10,MENOR,1
FRUTA,AGUACATE,11,MAYOR,1
FRUTA,AGUACATE,12,MAYOR,1
FRUTA,ALBARICOQUE,1,,1
FRUTA,ALBARICOQUE,2,,1
FRUTA,ALBARICOQUE,3,,1
FRUTA,ALBARICOQUE,4,MENOR,1
FRUTA,ALBARICOQUE,5,MAYOR,1
FRUTA,ALBARICOQUE,6,MAYOR,1
FRUTA,ALBARICOQUE,7,MAYOR,1
FRUTA,ALBARICOQUE,8,MAYOR,1
FRUTA,ALBARICOQUE,9,MENOR,1
FRUTA,ALBARICOQUE,10,,1
FRUTA,ALBARICOQUE,11,,1
FRUTA,ALBARICOQUE,12,,1
FRUTA,BREVA,1,,1
FRUTA,BREVA,2,,1
FRUTA,BREVA,3,,1
FRUTA,BREVA,4,,1
FRUTA,BREVA,5,,1
FRUTA,BREVA,6,MAYOR,1
FRUTA,BREVA,7,MAYOR,1
FRUTA,BREVA,8,,1
FRUTA,BREVA,9,,1
FRUTA,BREVA,10,,1
FRUTA,BREVA,11,,1
FRUTA,BREVA,12,,1
FRUTA,CAQUI,1,MENOR,1
FRUTA,CAQUI,2,,1
FRUTA,CAQUI,3,,1
FRUTA,CAQUI,4,,1
FRUTA,CAQUI,5,,1
FRUTA,CAQUI,6,,1
FRUTA,CAQUI,7,,1
FRUTA,CAQUI,8,,1
FRUTA,CAQUI,9,MENOR,1
FRUTA,CAQUI,10,MAYOR,1
FRUTA,CAQUI,11,MAYOR,1
FRUTA,CAQUI,12,MAYOR,1
FRUTA,CEREZA,1,,1
FRUTA,CEREZA,2,,1
FRUTA,CEREZA,3,,1
FRUTA,CEREZA,4,MENOR,1
FRUTA,CEREZA,5,MAYOR,1
FRUTA,CEREZA,6,MAYOR,1
FRUTA,CEREZA,7,MAYOR,1
FRUTA,CEREZA,8,MENOR,1
FRUTA,CEREZA,9,,1
FRUTA,CEREZA,10,,1
FRUTA,CEREZA,11,,1
FRUTA,CEREZA,12,,1
FRUTA,CHIRIMOYA,1,MENOR,1
FRUTA,CHIRIMOYA,2,,1
FRUTA,CHIRIMOYA,3,,1
FRUTA,CHIRIMOYA,4,,1
FRUTA,CHIRIMOYA,5,,1
FRUTA,CHIRIMOYA,6,,1
FRUTA,CHIRIMOYA,7,,1
FRUTA,CHIRIMOYA,8,,1
FRUTA,CHIRIMOYA,9,MENOR,1
FRUTA,CHIRIMOYA,10,MAYOR,1
FRUTA,CHIRIMOYA,11,MAYOR,1
FRUTA,CHIRIMOYA,12,MAYOR,1
FRUTA,CIRUELA,1,,1
FRUTA,CIRUELA,2,,1
FRUTA,CIRUELA,3,,1
FRUTA,CIRUELA,4,,1
FRUTA,CIRUELA,5,MENOR,1
FRUTA,CIRUELA,6,MAYOR,1
FRUTA,CIRUELA,7,MAYOR,1
FRUTA,CIRUELA,8,MAYOR,1
FRUTA,CIRUELA,9,MENOR,1
FRUTA,CIRUELA,10,,1
FRUTA,CIRUELA,11,,1
FRUTA,CIRUELA,12,,1
FRUTA,FRAMBUESA,1,MAYOR,1
FRUTA,FRAMBUESA,2,MAYOR,1
FRUTA,FRAMBUESA,3,MAYOR,1
FRUTA,FRAMBUESA,4,MAYOR,1
FRUTA,FRAMBUESA,5,,1
FRUTA,FRAMBUESA,6,,1
FRUTA,FRAMBUESA,7,,1
FRUTA,FRAMBUESA,8,,1
FRUTA,FRAMBUESA,9,,1
FRUTA,FRAMBUESA,10,MAYOR,1
FRUTA,FRAMBUESA,11,MAYOR,1
FRUTA,FRAMBUESA,12,MAYOR,1
FRUTA,FRESA • FRESÓN,1,MAYOR,1
FRUTA,FRESA • FRESÓN,2,MAYOR,1
FRUTA,FRESA • FRESÓN,3,MAYOR,1
FRUTA,FRESA • FRESÓN,4,MAYOR,1
FRUTA,FRESA • FRESÓN,5,MAYOR,1
FRUTA,FRESA • FRESÓN,6,,1
FRUTA,FRESA • FRESÓN,7,,1
FRUTA,FRESA • FRESÓN,8,,1
FRUTA,FRESA • FRESÓN,9,,1
FRUTA,FRESA • FRESÓN,10,,1
FRUTA,FRESA • FRESÓN,11,,1
FRUTA,FRESA • FRESÓN,12,,1
FRUTA,GRANADA,1,,1
FRUTA,GRANADA,2,,1
FRUTA,GRANADA,3,,1
FRUTA,GRANADA,4,,1
FRUTA,GRANADA,5,,1
FRUTA,GRANADA,6,,1
FRUTA,GRANADA,7,,1
FRUTA,GRANADA,8,,1
FRUTA,GRANADA,9,MENOR,1
FRUTA,GRANADA,10,MAYOR,1
FRUTA,GRANADA,11,MAYOR,1
FRUTA,GRANADA,12,,1
FRUTA,HIGO,1,,1
FRUTA,HIGO,2,,1
FRUTA,HIGO,3,,1
FRUTA,HIGO,4,,1
FRUTA,HIGO,5,,1
FRUTA,HIGO,6,MENOR,1
FRUTA,HIGO,7,MAYOR,1
FRUTA,HIGO,8,MAYOR,1
FRUTA,HIGO,9,MAYOR,1
FRUTA,HIGO,10,MENOR,1
FRUTA,HIGO,11,,1
FRUTA,HIGO,12,,1
FRUTA,KIWI,1,MAYOR,1
FRUTA,KIWI,2,MAYOR,1
FRUTA,KIWI,3,MAYOR,1
FRUTA,KIWI,4,MENOR,1
FRUTA,KIWI,5,,1
FRUTA,KIWI,6,,1
FRUTA,KIWI,7,,1
FRUTA,KIWI,8,,1
FRUTA,KIWI,9,MENOR,1
FRUTA,KIWI,10,MAYOR,1
FRUTA,KIWI,11,MAYOR,1
FRUTA,KIWI,12,MAYOR,1
FRUTA,LIMÓN,1,MAYOR,1
FRUTA,LIMÓN,2,MAYOR,1
FRUTA,LIMÓN,3,MAYOR,1
FRUTA,LIMÓN,4,MAYOR,1
FRUTA,LIMÓN,5,MAYOR,1
FRUTA,LIMÓN,6,MENOR,1
FRUTA,LIMÓN,7,,1
FRUTA,LIMÓN,8,,1
FRUTA,LIMÓN,9,,1
FRUTA,LIMÓN,10,MENOR,1
FRUTA,LIMÓN,11,MAYOR,1
FRUTA,LIMÓN,12,MAYOR,1
FRUTA,MANDARINA,1,MAYOR,1
FRUTA,MANDARINA,2,MAYOR,1
FRUTA,MANDARINA,3,MAYOR,1
FRUTA,MANDARINA,4,MAYOR,1
FRUTA,MANDARINA,5,MENOR,1
FRUTA,MANDARINA,6,,1
FRUTA,MANDARINA,7,,1
FRUTA,MANDARINA,8,,1
FRUTA,MANDARINA,9,MENOR,1
FRUTA,MANDARINA,10,MAYOR,1
FRUTA,MANDARINA,11,MAYOR,1
FRUTA,MANDARINA,12,MAYOR,1
FRUTA,MANGO,1,,1
FRUTA,MANGO,2,,1
FRUTA,MANGO,3,,1
FRUTA,MANGO,4,,1
FRUTA,MANGO,5,,1
FRUTA,MANGO,6,,1
FRUTA,MANGO,7,MENOR,1
FRUTA,MANGO,8,MAYOR,1
FRUTA,MANGO,9,MAYOR,1
FRUTA,MANGO,10,MAYOR,1
FRUTA,MANGO,11,MAYOR,1
FRUTA,MANGO,12,,1
FRUTA,MANZANA,1,MAYOR,1
FRUTA,MANZANA,2,MAYOR,1
FRUTA,MANZANA,3,MAYOR,1
FRUTA,MANZANA,4,MENOR,1
FRUTA,MANZANA,5,,1
FRUTA,MANZANA,6,,1
FRUTA,MANZANA,7,,1
FRUTA,MANZANA,8,,1
FRUTA,MANZANA,9,MAYOR,1
FRUTA,MANZANA,10,MAYOR,1
FRUTA,MANZANA,11,MAYOR,1
FRUTA,MANZANA,12,MAYOR,1
FRUTA,MELOCOTÓN,1,,1
FRUTA,MELOCOTÓN,2,,1
FRUTA,MELOCOTÓN,3,,1
FRUTA,MELOCOTÓN,4,MENOR,1
FRUTA,MELOCOTÓN,5,MAYOR,1
FRUTA,MELOCOTÓN,6,MAYOR,1
FRUTA,MELOCOTÓN,7,MAYOR,1
FRUTA,MELOCOTÓN,8,MAYOR,1
FRUTA,MELOCOTÓN,9,MAYOR,1
FRUTA,MELOCOTÓN,10,MENOR,1
FRUTA,MELOCOTÓN,11,,1
FRUTA,MELOCOTÓN,12,,1
FRUTA,MELÓN,1,,1
FRUTA,MELÓN,2,,1
FRUTA,MELÓN,3,,1
FRUTA,MELÓN,4,,1
FRUTA,MELÓN,5,MENOR,1
FRUTA,MELÓN,6,MAYOR,1
FRUTA,MELÓN,7,MAYOR,1
FRUTA,MELÓN,8,MAYOR,1
FRUTA,MELÓN,9,MENOR,1
FRUTA,MELÓN,10,,1
FRUTA,MELÓN,11,,1
FRUTA,MELÓN,12,,1
FRUTA,MEMBRILLO,1,,1
FRUTA,MEMBRILLO,2,,1
FRUTA,MEMBRILLO,3,,1
FRUTA,MEMBRILLO,4,,1
FRUTA,MEMBRILLO,5,,1
FRUTA,MEMBRILLO,6,,1
FRUTA,MEMBRILLO,7,MENOR,1
FRUTA,MEMBRILLO,8,MAYOR,1
FRUTA,MEMBRILLO,9,MAYOR,1
FRUTA,MEMBRILLO,10,MENOR,1
FRUTA,MEMBRILLO,11,,1
FRUTA,MEMBRILLO,12,,1
FRUTA,NARANJA,1,MAYOR,1
FRUTA,NARANJA,2,MAYOR,1
FRUTA,NARANJA,3,MAYOR,1
FRUTA,NARANJA,4,MAYOR,1
FRUTA,NARANJA,5,MAYOR,1
FRUTA,NARANJA,6,MENOR,1
FRUTA,NARANJA,7,,1
FRUTA,NARANJA,8,,1
FRUTA,NARANJA,9,,1
FRUTA,NARANJA,10,MENOR,1
FRUTA,NARANJA,11,MAYOR,1
FRUTA,NARANJA,12,MAYOR,1
FRUTA,NECTARINA,1,,1
FRUTA,NECTARINA,2,,1
FRUTA,NECTARINA,3,,1
FRUTA,NECTARINA,4,MENOR,1
FRUTA,NECTARINA,5,MAYOR,1
FRUTA,NECTARINA,6,MAYOR,1
FRUTA,NECTARINA,7,MAYOR,1
FRUTA,NECTARINA,8,MAYOR,1
FRUTA,NECTARINA,9,MAYOR,1
FRUTA,NECTARINA,10,MENOR,1
FRUTA,NECTARINA,11,,1
FRUTA,NECTARINA,12,,1
FRUTA,NÍSPERO,1,,1
FRUTA,NÍSPERO,2,,1
FRUTA,NÍSPERO,3,MENOR,1
FRUTA,NÍSPERO,4,MAYOR,1
FRUTA,NÍSPERO,5,MAYOR,1
FRUTA,NÍSPERO,6,MENOR,1
FRUTA,NÍSPERO,7,,1
FRUTA,NÍSPERO,8,,1
FRUTA,NÍSPERO,9,,1
FRUTA,NÍSPERO,10,,1
FRUTA,NÍSPERO,11,,1
FRUTA,NÍSPERO,12,,1
FRUTA,PARAGUAYA,1,,1
FRUTA,PARAGUAYA,2,,1
FRUTA,PARAGUAYA,3,,1
FRUTA,PARAGUAYA,4,,1
FRUTA,PARAGUAYA,5,MENOR,1
FRUTA,PARAGUAYA,6,MAYOR,1
FRUTA,PARAGUAYA,7,MAYOR,1
FRUTA,PARAGUAYA,8,MAYOR,1
FRUTA,PARAGUAYA,9,,1
FRUTA,PARAGUAYA,10,,1
FRUTA,PARAGUAYA,11,,1
FRUTA,PARAGUAYA,12,,1
FRUTA,PERA,1,MAYOR,1
FRUTA,PERA,2,MAYOR,1
FRUTA,PERA,3,MAYOR,1
FRUTA,PERA,4,MENOR,1
FRUTA,PERA,5,,1
FRUTA,PERA,6,MENOR,1
FRUTA,PERA,7,MAYOR,1
FRUTA,PERA,8,MAYOR,1
FRUTA,PERA,9,MAYOR,1
FRUTA,PERA,10,MAYOR,1
FRUTA,PERA,11,MAYOR,1
FRUTA,PERA,12,MAYOR,1
FRUTA,PLÁTANO,1,MAYOR,1
FRUTA,PLÁTANO,2,MAYOR,1
FRUTA,PLÁTANO,3,MAYOR,1
FRUTA,PLÁTANO,4,MAYOR,1
FRUTA,PLÁTANO,5,MAYOR,1
FRUTA,PLÁTANO,6,MAYOR,1
FRUTA,PLÁTANO,7,MAYOR,1
FRUTA,PLÁTANO,8,MAYOR,1
FRUTA,PLÁTANO,9,MAYOR,1
FRUTA,PLÁTANO,10,MAYOR,1
FRUTA,PLÁTANO,11,MAYOR,1
FRUTA,PLÁTANO,12,MAYOR,1
FRUTA,POMELO,1,MAYOR,1
FRUTA,POMELO,2,MAYOR,1
FRUTA,POMELO,3,MAYOR,1
FRUTA,POMELO,4,MAYOR,1
FRUTA,POMELO,5,MENOR,1
FRUTA,POMELO,6,,1
FRUTA,POMELO,7,,1
FRUTA,POMELO,8,,1
FRUTA,POMELO,9,,1
FRUTA,POMELO,10,,1
FRUTA,POMELO,11,MENOR,1
FRUTA,POMELO,12,MAYOR,1
FRUTA,SANDÍA,1,,1
FRUTA,SANDÍA,2,,1
FRUTA,SANDÍA,3,,1
FRUTA,SANDÍA,4,,1
FRUTA,SANDÍA,5,MENOR,1
FRUTA,SANDÍA,6,MAYOR,1
FRUTA,SANDÍA,7,MAYOR,1
FRUTA,SANDÍA,8,MAYOR,1
FRUTA,SANDÍA,9,MENOR,1
FRUTA,SANDÍA,10,,1
FRUTA,SANDÍA,11,,1
FRUTA,SANDÍA,12,,1
FRUTA,UVA,1,,1
FRUTA,UVA,2,,1
FRUTA,UVA,3,,1
FRUTA,UVA,4,,1
FRUTA,UVA,5,,1
FRUTA,UVA,6,,1
FRUTA,UVA,7,,1
FRUTA,UVA,8,MENOR,1
FRUTA,UVA,9,MAYOR,1
FRUTA,UVA,10,MAYOR,1
FRUTA,UVA,11,MAYOR,1
FRUTA,UVA,12,MAYOR,1
